onset	duration	nwb_table	temporal_frequency	spatial_frequency	direction	contrast
445.0	60.0	epochs	4.0	0.02	180.0	0.8
535.0	60.0	epochs	8.0	0.04	0.0	0.8
626.0	59.0	epochs	2.0	0.16	0.0	0.8
716.0	60.0	epochs	0.5	0.02	270.0	0.8
806.0	60.0	epochs	2.0	0.08	180.0	0.8
896.0	60.0	epochs	0.5	0.16	180.0	0.8
987.0	59.0	epochs	8.0	0.32	270.0	0.8
1077.0	60.0	epochs	2.0	0.08	270.0	0.8
1167.0	60.0	epochs	0.5	0.04	90.0	0.8
1258.0	59.0	epochs	8.0	0.32	0.0	0.8
1348.0	60.0	epochs				
1438.0	60.0	epochs	4.0	0.04	0.0	0.8
1529.0	59.0	epochs	1.0	0.04	90.0	0.8
1619.0	60.0	epochs	4.0	0.04	0.0	0.8
1709.0	60.0	epochs	2.0	0.08	270.0	0.8
1800.0	59.0	epochs	4.0	0.08	270.0	0.8
1890.0	60.0	epochs	1.0	0.32	180.0	0.8
1980.0	60.0	epochs	1.0	0.04	0.0	0.8
2071.0	59.0	epochs	0.5	0.32	270.0	0.8
2161.0	60.0	epochs	1.0	0.16	270.0	0.8
2251.0	60.0	epochs	8.0	0.02	90.0	0.8
2341.0	60.0	epochs	1.0	0.02	90.0	0.8
2432.0	59.0	epochs	1.0	0.32	90.0	0.8
2522.0	60.0	epochs	8.0	0.04	0.0	0.8
2612.0	60.0	epochs	4.0	0.08	270.0	0.8
2703.0	59.0	epochs	4.0	0.32	270.0	0.8
2793.0	60.0	epochs	8.0	0.04	90.0	0.8
2883.0	60.0	epochs	8.0	0.16	180.0	0.8
2974.0	59.0	epochs	2.0	0.04	180.0	0.8
3064.0	60.0	epochs	1.0	0.32	270.0	0.8
3154.0	60.0	epochs	0.5	0.16	180.0	0.8
3245.0	59.0	epochs	1.0	0.32	0.0	0.8
3335.0	60.0	epochs	2.0	0.32	270.0	0.8
3425.0	60.0	epochs	4.0	0.02	0.0	0.8
3516.0	59.0	epochs	0.5	0.32	180.0	0.8
3606.0	60.0	epochs	2.0	0.02	180.0	0.8
3696.0	60.0	epochs	2.0	0.04	0.0	0.8
3786.0	60.0	epochs	0.5	0.32	270.0	0.8
3877.0	59.0	epochs	8.0	0.32	90.0	0.8
3967.0	60.0	epochs	8.0	0.04	270.0	0.8
4057.0	60.0	epochs	1.0	0.16	180.0	0.8
4148.0	59.0	epochs	4.0	0.02	180.0	0.8
4238.0	60.0	epochs	4.0	0.32	90.0	0.8
4328.0	60.0	epochs	2.0	0.16	270.0	0.8
4419.0	59.0	epochs	4.0	0.02	90.0	0.8
4509.0	60.0	epochs	4.0	0.02	180.0	0.8
4599.0	60.0	epochs	1.0	0.32	270.0	0.8
4690.0	59.0	epochs	1.0	0.08	270.0	0.8
4780.0	60.0	epochs	2.0	0.04	0.0	0.8
4870.0	60.0	epochs	1.0	0.32	0.0	0.8
4960.0	60.0	epochs	0.5	0.32	180.0	0.8
5051.0	60.0	epochs	2.0	0.08	270.0	0.8
5141.0	60.0	epochs	1.0	0.02	180.0	0.8
5231.0	60.0	epochs	2.0	0.04	90.0	0.8
5322.0	59.0	epochs	4.0	0.04	90.0	0.8
5412.0	60.0	epochs	2.0	0.32	90.0	0.8
5502.0	60.0	epochs	4.0	0.08	90.0	0.8
5593.0	59.0	epochs	4.0	0.04	180.0	0.8
5683.0	60.0	epochs	4.0	0.16	180.0	0.8
5773.0	60.0	epochs	0.5	0.04	270.0	0.8
5864.0	59.0	epochs	1.0	0.04	0.0	0.8
5954.0	60.0	epochs	4.0	0.04	180.0	0.8
6044.0	60.0	epochs	2.0	0.04	90.0	0.8
6135.0	59.0	epochs	8.0	0.04	0.0	0.8
6225.0	60.0	epochs	8.0	0.08	180.0	0.8
6315.0	60.0	epochs	4.0	0.02	0.0	0.8
6405.0	60.0	epochs	0.5	0.02	90.0	0.8
6496.0	59.0	epochs	2.0	0.04	180.0	0.8
6586.0	60.0	epochs	8.0	0.16	180.0	0.8
6676.0	60.0	epochs	1.0	0.04	180.0	0.8
6767.0	59.0	epochs	1.0	0.16	0.0	0.8
6857.0	60.0	epochs	8.0	0.02	90.0	0.8
6947.0	60.0	epochs	4.0	0.08	90.0	0.8
7038.0	59.0	epochs	8.0	0.32	0.0	0.8
7128.0	60.0	epochs	1.0	0.08	90.0	0.8
7218.0	60.0	epochs	4.0	0.32	90.0	0.8
7309.0	59.0	epochs				
7399.0	60.0	epochs	0.5	0.08	180.0	0.8
7489.0	60.0	epochs	2.0	0.08	270.0	0.8
7580.0	59.0	epochs	4.0	0.08	270.0	0.8
7670.0	60.0	epochs	0.5	0.16	90.0	0.8
7760.0	60.0	epochs	4.0	0.08	270.0	0.8
7850.0	60.0	epochs	0.5	0.04	270.0	0.8
7941.0	59.0	epochs	0.5	0.16	0.0	0.8
8031.0	60.0	epochs	0.5	0.04	270.0	0.8
8121.0	60.0	epochs	1.0	0.02	0.0	0.8
8212.0	59.0	epochs	0.5	0.32	270.0	0.8
8302.0	60.0	epochs	4.0	0.32	0.0	0.8
8392.0	60.0	epochs	4.0	0.02	270.0	0.8
8483.0	59.0	epochs	0.5	0.32	0.0	0.8
8573.0	60.0	epochs	8.0	0.32	180.0	0.8
8663.0	60.0	epochs	2.0	0.08	180.0	0.8
8754.0	59.0	epochs	4.0	0.16	0.0	0.8
8844.0	60.0	epochs	2.0	0.02	180.0	0.8
8934.0	60.0	epochs	1.0	0.02	90.0	0.8
9024.0	60.0	epochs	2.0	0.16	0.0	0.8
9115.0	60.0	epochs	2.0	0.02	0.0	0.8
9205.0	60.0	epochs	8.0	0.04	270.0	0.8
9295.0	60.0	epochs	4.0	0.32	180.0	0.8
9386.0	59.0	epochs	8.0	0.32	90.0	0.8
9476.0	60.0	epochs	0.5	0.08	0.0	0.8
9566.0	60.0	epochs	1.0	0.08	270.0	0.8
9657.0	59.0	epochs	1.0	0.08	90.0	0.8
9747.0	60.0	epochs	8.0	0.16	180.0	0.8
9837.0	60.0	epochs	1.0	0.02	270.0	0.8
9928.0	59.0	epochs	1.0	0.02	0.0	0.8
10018.0	60.0	epochs	0.5	0.02	90.0	0.8
10108.0	60.0	epochs	0.5	0.32	270.0	0.8
10199.0	59.0	epochs	1.0	0.16	90.0	0.8
10289.0	60.0	epochs	0.5	0.02	180.0	0.8
10379.0	60.0	epochs	2.0	0.16	180.0	0.8
10469.0	60.0	epochs	8.0	0.08	180.0	0.8
10560.0	59.0	epochs	1.0	0.04	0.0	0.8
10650.0	60.0	epochs	1.0	0.04	90.0	0.8
10740.0	60.0	epochs	8.0	0.16	180.0	0.8
10831.0	59.0	epochs	4.0	0.16	180.0	0.8
10921.0	60.0	epochs	4.0	0.04	270.0	0.8
11011.0	60.0	epochs	8.0	0.04	180.0	0.8
11102.0	59.0	epochs	8.0	0.04	180.0	0.8
11192.0	60.0	epochs	0.5	0.32	180.0	0.8
11282.0	60.0	epochs	8.0	0.02	90.0	0.8
11373.0	59.0	epochs	2.0	0.08	180.0	0.8
11463.0	60.0	epochs	0.5	0.08	270.0	0.8
11553.0	60.0	epochs	0.5	0.04	270.0	0.8
11644.0	59.0	epochs	8.0	0.16	90.0	0.8
11734.0	60.0	epochs	1.0	0.16	270.0	0.8
11824.0	60.0	epochs	4.0	0.02	90.0	0.8
11914.0	60.0	epochs	0.5	0.16	0.0	0.8
12005.0	59.0	epochs	1.0	0.02	0.0	0.8
12095.0	60.0	epochs	8.0	0.16	0.0	0.8
12185.0	60.0	epochs	8.0	0.08	90.0	0.8
12276.0	59.0	epochs	0.5	0.32	270.0	0.8
12366.0	60.0	epochs	1.0	0.02	0.0	0.8
12456.0	60.0	epochs	8.0	0.32	180.0	0.8
12547.0	59.0	epochs	1.0	0.16	270.0	0.8
12637.0	60.0	epochs	2.0	0.32	180.0	0.8
12727.0	60.0	epochs	2.0	0.04	270.0	0.8
12818.0	59.0	epochs	8.0	0.08	180.0	0.8
12908.0	60.0	epochs	4.0	0.04	180.0	0.8
12998.0	60.0	epochs	4.0	0.16	90.0	0.8
13088.0	60.0	epochs	4.0	0.32	0.0	0.8
13179.0	60.0	epochs	0.5	0.16	270.0	0.8
13269.0	60.0	epochs	1.0	0.02	180.0	0.8
13359.0	60.0	epochs	4.0	0.32	180.0	0.8
13450.0	59.0	epochs	2.0	0.08	90.0	0.8
13540.0	60.0	epochs	1.0	0.08	180.0	0.8
13630.0	60.0	epochs	2.0	0.32	90.0	0.8
13721.0	59.0	epochs	4.0	0.32	90.0	0.8
13811.0	60.0	epochs	2.0	0.16	0.0	0.8
13901.0	60.0	epochs	2.0	0.04	0.0	0.8
13992.0	59.0	epochs	0.5	0.08	270.0	0.8
14082.0	60.0	epochs	1.0	0.16	90.0	0.8
14172.0	60.0	epochs	0.5	0.08	180.0	0.8
14263.0	59.0	epochs	2.0	0.08	0.0	0.8
14353.0	60.0	epochs	0.5	0.08	180.0	0.8
14443.0	60.0	epochs	4.0	0.32	270.0	0.8
14533.0	60.0	epochs	8.0	0.16	270.0	0.8
14624.0	59.0	epochs	0.5	0.16	90.0	0.8
14714.0	60.0	epochs	1.0	0.16	0.0	0.8
14804.0	60.0	epochs	8.0	0.08	90.0	0.8
14895.0	59.0	epochs	8.0	0.16	270.0	0.8
14985.0	60.0	epochs	8.0	0.32	0.0	0.8
15075.0	60.0	epochs	0.5	0.02	0.0	0.8
15166.0	59.0	epochs	2.0	0.16	90.0	0.8
15256.0	60.0	epochs	8.0	0.32	270.0	0.8
15346.0	60.0	epochs	2.0	0.08	90.0	0.8
15437.0	59.0	epochs	2.0	0.16	0.0	0.8
15527.0	60.0	epochs	2.0	0.02	270.0	0.8
15617.0	60.0	epochs	0.5	0.32	0.0	0.8
15707.0	60.0	epochs	8.0	0.02	180.0	0.8
15798.0	60.0	epochs	8.0	0.04	180.0	0.8
15888.0	60.0	epochs	0.5	0.08	0.0	0.8
15978.0	60.0	epochs	1.0	0.04	0.0	0.8
16069.0	59.0	epochs	8.0	0.16	180.0	0.8
16159.0	60.0	epochs	1.0	0.16	180.0	0.8
16249.0	60.0	epochs	1.0	0.02	270.0	0.8
16340.0	59.0	epochs	4.0	0.02	180.0	0.8
16430.0	60.0	epochs	0.5	0.08	270.0	0.8
16520.0	60.0	epochs	8.0	0.04	0.0	0.8
16611.0	59.0	epochs	1.0	0.32	180.0	0.8
16701.0	60.0	epochs	8.0	0.02	90.0	0.8
16791.0	60.0	epochs	1.0	0.32	0.0	0.8
16882.0	59.0	epochs	1.0	0.02	0.0	0.8
16972.0	60.0	epochs	2.0	0.02	270.0	0.8
17062.0	60.0	epochs	8.0	0.08	90.0	0.8
17152.0	60.0	epochs	4.0	0.04	270.0	0.8
17243.0	60.0	epochs	1.0	0.32	180.0	0.8
17333.0	60.0	epochs	0.5	0.02	270.0	0.8
17423.0	60.0	epochs	8.0	0.08	270.0	0.8
17514.0	59.0	epochs	4.0	0.16	270.0	0.8
17604.0	60.0	epochs	1.0	0.32	90.0	0.8
17694.0	60.0	epochs	8.0	0.04	90.0	0.8
17785.0	59.0	epochs	4.0	0.32	0.0	0.8
17875.0	60.0	epochs	0.5	0.16	180.0	0.8
17965.0	60.0	epochs	8.0	0.32	180.0	0.8
18056.0	59.0	epochs	1.0	0.32	90.0	0.8
18146.0	60.0	epochs	1.0	0.16	0.0	0.8
18236.0	60.0	epochs	8.0	0.08	0.0	0.8
18327.0	59.0	epochs	1.0	0.08	180.0	0.8
18417.0	60.0	epochs	8.0	0.16	0.0	0.8
18507.0	60.0	epochs	1.0	0.02	270.0	0.8
18597.0	60.0	epochs	1.0	0.08	0.0	0.8
18688.0	59.0	epochs	1.0	0.32	0.0	0.8
18778.0	60.0	epochs	1.0	0.16	90.0	0.8
18868.0	60.0	epochs	2.0	0.08	90.0	0.8
18959.0	59.0	epochs	2.0	0.08	180.0	0.8
19049.0	60.0	epochs				
19139.0	60.0	epochs	4.0	0.08	270.0	0.8
19230.0	59.0	epochs	2.0	0.08	90.0	0.8
19320.0	60.0	epochs	2.0	0.32	180.0	0.8
19410.0	60.0	epochs	1.0	0.08	180.0	0.8
19501.0	59.0	epochs	2.0	0.16	0.0	0.8
19591.0	60.0	epochs	0.5	0.02	270.0	0.8
19681.0	60.0	epochs	4.0	0.32	90.0	0.8
19772.0	59.0	epochs	8.0	0.08	90.0	0.8
19862.0	60.0	epochs	4.0	0.16	0.0	0.8
19952.0	60.0	epochs	8.0	0.32	90.0	0.8
20042.0	60.0	epochs	0.5	0.08	270.0	0.8
20133.0	59.0	epochs	4.0	0.32	180.0	0.8
20223.0	60.0	epochs	2.0	0.32	180.0	0.8
20313.0	60.0	epochs	8.0	0.08	270.0	0.8
20404.0	59.0	epochs	8.0	0.16	0.0	0.8
20494.0	60.0	epochs	4.0	0.32	180.0	0.8
20584.0	60.0	epochs	2.0	0.16	0.0	0.8
20675.0	59.0	epochs	4.0	0.02	90.0	0.8
20765.0	60.0	epochs	4.0	0.32	180.0	0.8
20855.0	60.0	epochs	0.5	0.02	90.0	0.8
20946.0	59.0	epochs	4.0	0.32	270.0	0.8
21036.0	60.0	epochs	2.0	0.02	270.0	0.8
21126.0	60.0	epochs	0.5	0.04	90.0	0.8
21216.0	60.0	epochs	1.0	0.02	180.0	0.8
21307.0	59.0	epochs	4.0	0.04	90.0	0.8
21397.0	60.0	epochs	2.0	0.04	180.0	0.8
21487.0	60.0	epochs	0.5	0.16	0.0	0.8
21578.0	59.0	epochs	1.0	0.32	0.0	0.8
21668.0	60.0	epochs	4.0	0.04	0.0	0.8
21758.0	60.0	epochs	8.0	0.02	0.0	0.8
21849.0	59.0	epochs	0.5	0.32	270.0	0.8
21939.0	60.0	epochs	0.5	0.32	90.0	0.8
22029.0	60.0	epochs	2.0	0.04	0.0	0.8
22120.0	59.0	epochs	4.0	0.16	180.0	0.8
22210.0	60.0	epochs	0.5	0.04	90.0	0.8
22300.0	60.0	epochs	2.0	0.04	180.0	0.8
22391.0	59.0	epochs	1.0	0.08	270.0	0.8
22481.0	60.0	epochs	4.0	0.08	180.0	0.8
22571.0	60.0	epochs	8.0	0.16	0.0	0.8
22661.0	60.0	epochs	0.5	0.16	0.0	0.8
22752.0	59.0	epochs	8.0	0.32	90.0	0.8
22842.0	60.0	epochs	2.0	0.02	180.0	0.8
22932.0	60.0	epochs	8.0	0.16	90.0	0.8
23023.0	59.0	epochs	8.0	0.08	180.0	0.8
23113.0	60.0	epochs	4.0	0.08	180.0	0.8
23203.0	60.0	epochs	0.5	0.16	180.0	0.8
23294.0	59.0	epochs	8.0	0.08	90.0	0.8
23384.0	60.0	epochs	2.0	0.08	90.0	0.8
23474.0	60.0	epochs	4.0	0.08	0.0	0.8
23565.0	59.0	epochs	0.5	0.08	0.0	0.8
23655.0	60.0	epochs	1.0	0.16	90.0	0.8
23745.0	60.0	epochs	2.0	0.32	0.0	0.8
23835.0	60.0	epochs	0.5	0.08	180.0	0.8
23926.0	60.0	epochs	0.5	0.02	180.0	0.8
24016.0	60.0	epochs	4.0	0.02	0.0	0.8
24106.0	60.0	epochs	0.5	0.32	90.0	0.8
24197.0	59.0	epochs	0.5	0.02	270.0	0.8
24287.0	60.0	epochs	0.5	0.32	0.0	0.8
24377.0	60.0	epochs	2.0	0.02	0.0	0.8
24468.0	59.0	epochs	4.0	0.16	90.0	0.8
24558.0	60.0	epochs	0.5	0.32	90.0	0.8
24648.0	60.0	epochs	2.0	0.02	90.0	0.8
24739.0	59.0	epochs	1.0	0.32	0.0	0.8
24829.0	60.0	epochs	0.5	0.16	0.0	0.8
24919.0	60.0	epochs	8.0	0.08	0.0	0.8
25010.0	59.0	epochs	1.0	0.16	270.0	0.8
25100.0	60.0	epochs	0.5	0.04	180.0	0.8
25190.0	60.0	epochs	4.0	0.16	0.0	0.8
25280.0	60.0	epochs	8.0	0.08	270.0	0.8
25371.0	59.0	epochs	4.0	0.32	0.0	0.8
25461.0	60.0	epochs	8.0	0.16	90.0	0.8
25551.0	60.0	epochs	1.0	0.32	90.0	0.8
25642.0	59.0	epochs	8.0	0.02	180.0	0.8
25732.0	60.0	epochs	1.0	0.32	270.0	0.8
25822.0	60.0	epochs	1.0	0.04	90.0	0.8
25913.0	59.0	epochs	8.0	0.32	270.0	0.8
26003.0	60.0	epochs	8.0	0.08	180.0	0.8
26093.0	60.0	epochs				
26184.0	59.0	epochs	1.0	0.32	270.0	0.8
26274.0	60.0	epochs	8.0	0.08	0.0	0.8
26364.0	60.0	epochs	0.5	0.08	180.0	0.8
26455.0	59.0	epochs	4.0	0.32	180.0	0.8
26545.0	60.0	epochs	1.0	0.16	270.0	0.8
26635.0	60.0	epochs	2.0	0.08	0.0	0.8
26725.0	60.0	epochs	0.5	0.16	270.0	0.8
26816.0	59.0	epochs	1.0	0.02	180.0	0.8
26906.0	60.0	epochs	2.0	0.02	0.0	0.8
26996.0	60.0	epochs	0.5	0.16	90.0	0.8
27087.0	59.0	epochs	2.0	0.16	270.0	0.8
27177.0	60.0	epochs	2.0	0.32	90.0	0.8
27267.0	60.0	epochs	4.0	0.08	180.0	0.8
27358.0	59.0	epochs	1.0	0.04	90.0	0.8
27448.0	60.0	epochs	0.5	0.32	90.0	0.8
27538.0	60.0	epochs	8.0	0.02	90.0	0.8
27629.0	59.0	epochs	2.0	0.16	270.0	0.8
27719.0	60.0	epochs	8.0	0.02	180.0	0.8
27809.0	60.0	epochs	8.0	0.04	180.0	0.8
27899.0	60.0	epochs	2.0	0.32	270.0	0.8
27990.0	60.0	epochs	1.0	0.08	180.0	0.8
28080.0	60.0	epochs	2.0	0.16	180.0	0.8
28170.0	60.0	epochs	0.5	0.02	180.0	0.8
28261.0	59.0	epochs	1.0	0.16	0.0	0.8
28351.0	60.0	epochs	1.0	0.02	90.0	0.8
28441.0	60.0	epochs	2.0	0.04	90.0	0.8
28532.0	59.0	epochs	8.0	0.32	180.0	0.8
28622.0	60.0	epochs	4.0	0.02	270.0	0.8
28712.0	60.0	epochs	8.0	0.08	90.0	0.8
28803.0	59.0	epochs	4.0	0.04	180.0	0.8
28893.0	60.0	epochs	1.0	0.08	270.0	0.8
28983.0	60.0	epochs	8.0	0.16	0.0	0.8
29074.0	59.0	epochs	0.5	0.08	90.0	0.8
29164.0	60.0	epochs	4.0	0.32	270.0	0.8
29254.0	60.0	epochs	2.0	0.32	270.0	0.8
29344.0	60.0	epochs	8.0	0.08	90.0	0.8
29435.0	59.0	epochs	2.0	0.32	270.0	0.8
29525.0	60.0	epochs	4.0	0.08	90.0	0.8
29615.0	60.0	epochs	0.5	0.02	90.0	0.8
29706.0	59.0	epochs	2.0	0.02	270.0	0.8
29796.0	60.0	epochs	8.0	0.16	180.0	0.8
29886.0	60.0	epochs	0.5	0.02	0.0	0.8
29977.0	59.0	epochs	4.0	0.04	180.0	0.8
30067.0	60.0	epochs	4.0	0.08	270.0	0.8
30157.0	60.0	epochs	4.0	0.02	90.0	0.8
30248.0	59.0	epochs	1.0	0.08	0.0	0.8
30338.0	60.0	epochs	0.5	0.02	0.0	0.8
30428.0	60.0	epochs	1.0	0.04	270.0	0.8
30519.0	59.0	epochs	1.0	0.08	180.0	0.8
30609.0	60.0	epochs	0.5	0.08	90.0	0.8
30699.0	60.0	epochs	0.5	0.08	270.0	0.8
30789.0	60.0	epochs	4.0	0.16	180.0	0.8
30880.0	59.0	epochs	4.0	0.16	180.0	0.8
30970.0	60.0	epochs	8.0	0.04	0.0	0.8
31060.0	60.0	epochs	4.0	0.04	90.0	0.8
31151.0	59.0	epochs	8.0	0.08	270.0	0.8
31241.0	60.0	epochs	2.0	0.04	90.0	0.8
31331.0	60.0	epochs	2.0	0.04	270.0	0.8
31422.0	59.0	epochs	2.0	0.02	180.0	0.8
31512.0	60.0	epochs	4.0	0.04	180.0	0.8
31602.0	60.0	epochs	8.0	0.02	0.0	0.8
31693.0	59.0	epochs	8.0	0.04	270.0	0.8
31783.0	60.0	epochs	1.0	0.04	180.0	0.8
31873.0	60.0	epochs	4.0	0.02	0.0	0.8
31963.0	60.0	epochs	2.0	0.08	0.0	0.8
32054.0	60.0	epochs	0.5	0.04	180.0	0.8
32144.0	60.0	epochs	4.0	0.32	0.0	0.8
32234.0	60.0	epochs	4.0	0.02	90.0	0.8
32325.0	59.0	epochs	0.5	0.04	90.0	0.8
32415.0	60.0	epochs	4.0	0.16	0.0	0.8
32505.0	60.0	epochs	2.0	0.02	270.0	0.8
32596.0	59.0	epochs	2.0	0.02	180.0	0.8
32686.0	60.0	epochs	0.5	0.08	180.0	0.8
32776.0	60.0	epochs	0.5	0.02	270.0	0.8
32867.0	59.0	epochs	8.0	0.16	90.0	0.8
32957.0	60.0	epochs	2.0	0.32	90.0	0.8
33047.0	60.0	epochs	1.0	0.32	180.0	0.8
33138.0	59.0	epochs	8.0	0.08	270.0	0.8
33228.0	60.0	epochs	1.0	0.02	180.0	0.8
33318.0	60.0	epochs	4.0	0.04	270.0	0.8
33408.0	60.0	epochs	0.5	0.02	0.0	0.8
33499.0	59.0	epochs	8.0	0.32	90.0	0.8
33589.0	60.0	epochs	0.5	0.02	180.0	0.8
33679.0	60.0	epochs	4.0	0.02	0.0	0.8
33770.0	59.0	epochs	4.0	0.02	90.0	0.8
33860.0	60.0	epochs	0.5	0.04	0.0	0.8
33950.0	60.0	epochs	8.0	0.32	180.0	0.8
34041.0	59.0	epochs	8.0	0.04	270.0	0.8
34131.0	60.0	epochs	8.0	0.32	270.0	0.8
34221.0	60.0	epochs	8.0	0.04	270.0	0.8
34312.0	59.0	epochs	8.0	0.02	270.0	0.8
34402.0	60.0	epochs	1.0	0.16	270.0	0.8
34492.0	60.0	epochs	4.0	0.02	270.0	0.8
34583.0	59.0	epochs	4.0	0.02	0.0	0.8
34673.0	60.0	epochs	2.0	0.02	90.0	0.8
34763.0	60.0	epochs	2.0	0.02	90.0	0.8
34853.0	60.0	epochs	8.0	0.16	180.0	0.8
34944.0	59.0	epochs	2.0	0.04	180.0	0.8
35034.0	60.0	epochs	1.0	0.04	270.0	0.8
35124.0	60.0	epochs	4.0	0.16	270.0	0.8
35215.0	59.0	epochs	1.0	0.04	0.0	0.8
35305.0	60.0	epochs	4.0	0.02	270.0	0.8
35395.0	60.0	epochs	2.0	0.16	180.0	0.8
35486.0	59.0	epochs	8.0	0.04	90.0	0.8
35576.0	60.0	epochs	2.0	0.16	270.0	0.8
35666.0	60.0	epochs	8.0	0.02	90.0	0.8
35757.0	59.0	epochs	0.5	0.02	90.0	0.8
35847.0	60.0	epochs	4.0	0.16	0.0	0.8
35937.0	60.0	epochs	0.5	0.08	270.0	0.8
36027.0	60.0	epochs	1.0	0.08	0.0	0.8
36118.0	60.0	epochs	8.0	0.04	270.0	0.8
36208.0	60.0	epochs	2.0	0.04	270.0	0.8
36298.0	60.0	epochs	8.0	0.08	90.0	0.8
36389.0	59.0	epochs	8.0	0.08	180.0	0.8
36479.0	60.0	epochs	2.0	0.08	180.0	0.8
36569.0	60.0	epochs	2.0	0.02	270.0	0.8
36660.0	59.0	epochs	0.5	0.08	270.0	0.8
36750.0	60.0	epochs	4.0	0.02	90.0	0.8
36840.0	60.0	epochs	2.0	0.08	0.0	0.8
36931.0	59.0	epochs	2.0	0.16	0.0	0.8
37021.0	60.0	epochs	8.0	0.32	180.0	0.8
37111.0	60.0	epochs	2.0	0.16	270.0	0.8
37202.0	59.0	epochs	4.0	0.02	90.0	0.8
37292.0	60.0	epochs	0.5	0.04	270.0	0.8
37382.0	60.0	epochs	4.0	0.02	270.0	0.8
37472.0	60.0	epochs	4.0	0.16	180.0	0.8
37563.0	59.0	epochs	8.0	0.16	0.0	0.8
37653.0	60.0	epochs	8.0	0.02	90.0	0.8
37743.0	60.0	epochs	0.5	0.02	270.0	0.8
37834.0	59.0	epochs	2.0	0.32	0.0	0.8
37924.0	60.0	epochs	2.0	0.02	270.0	0.8
38014.0	60.0	epochs	4.0	0.04	180.0	0.8
38105.0	59.0	epochs	4.0	0.32	0.0	0.8
38195.0	60.0	epochs	4.0	0.16	270.0	0.8
38285.0	60.0	epochs	0.5	0.32	90.0	0.8
38376.0	59.0	epochs	1.0	0.04	0.0	0.8
38466.0	60.0	epochs	2.0	0.16	270.0	0.8
38556.0	60.0	epochs	4.0	0.16	0.0	0.8
38646.0	60.0	epochs	2.0	0.08	180.0	0.8
38737.0	60.0	epochs	8.0	0.04	0.0	0.8
38827.0	60.0	epochs	0.5	0.32	180.0	0.8
38917.0	60.0	epochs	4.0	0.04	90.0	0.8
39008.0	59.0	epochs	2.0	0.02	90.0	0.8
39098.0	60.0	epochs	4.0	0.16	270.0	0.8
39188.0	60.0	epochs	0.5	0.02	180.0	0.8
39279.0	59.0	epochs	2.0	0.16	180.0	0.8
39369.0	60.0	epochs	4.0	0.04	270.0	0.8
39459.0	60.0	epochs	4.0	0.32	270.0	0.8
39550.0	59.0	epochs	0.5	0.04	90.0	0.8
39640.0	60.0	epochs	0.5	0.32	270.0	0.8
39730.0	60.0	epochs	1.0	0.16	0.0	0.8
39821.0	59.0	epochs	4.0	0.08	0.0	0.8
39911.0	60.0	epochs				
40001.0	60.0	epochs	1.0	0.02	270.0	0.8
40091.0	60.0	epochs	8.0	0.08	0.0	0.8
40182.0	59.0	epochs	4.0	0.08	0.0	0.8
40272.0	60.0	epochs	0.5	0.32	90.0	0.8
40362.0	60.0	epochs	8.0	0.32	90.0	0.8
40453.0	59.0	epochs	8.0	0.32	0.0	0.8
40543.0	60.0	epochs	1.0	0.32	180.0	0.8
40633.0	60.0	epochs	0.5	0.32	0.0	0.8
40724.0	59.0	epochs	8.0	0.32	0.0	0.8
40814.0	60.0	epochs	4.0	0.16	180.0	0.8
40904.0	60.0	epochs	0.5	0.32	0.0	0.8
40995.0	59.0	epochs	1.0	0.16	180.0	0.8
41085.0	60.0	epochs	2.0	0.04	0.0	0.8
41175.0	60.0	epochs	4.0	0.08	270.0	0.8
41266.0	59.0	epochs	8.0	0.04	270.0	0.8
41356.0	60.0	epochs	8.0	0.08	180.0	0.8
41446.0	60.0	epochs	2.0	0.08	0.0	0.8
41536.0	60.0	epochs	0.5	0.16	90.0	0.8
41627.0	59.0	epochs	8.0	0.02	0.0	0.8
41717.0	60.0	epochs	8.0	0.16	0.0	0.8
41807.0	60.0	epochs	0.5	0.04	270.0	0.8
41898.0	59.0	epochs	8.0	0.16	90.0	0.8
41988.0	60.0	epochs	2.0	0.08	90.0	0.8
42078.0	60.0	epochs	1.0	0.02	0.0	0.8
42169.0	59.0	epochs	0.5	0.16	0.0	0.8
42259.0	60.0	epochs	1.0	0.02	180.0	0.8
42349.0	60.0	epochs	8.0	0.02	180.0	0.8
42440.0	59.0	epochs	8.0	0.16	180.0	0.8
42530.0	60.0	epochs	8.0	0.08	270.0	0.8
42620.0	60.0	epochs	4.0	0.02	0.0	0.8
42710.0	60.0	epochs	2.0	0.08	270.0	0.8
42801.0	60.0	epochs	1.0	0.08	180.0	0.8
42891.0	60.0	epochs	8.0	0.02	180.0	0.8
42981.0	60.0	epochs	8.0	0.16	180.0	0.8
43072.0	59.0	epochs	2.0	0.04	270.0	0.8
43162.0	60.0	epochs	8.0	0.16	270.0	0.8
43252.0	60.0	epochs	8.0	0.04	270.0	0.8
43343.0	59.0	epochs	4.0	0.32	90.0	0.8
43433.0	60.0	epochs	0.5	0.32	180.0	0.8
43523.0	60.0	epochs				
43614.0	59.0	epochs	8.0	0.02	0.0	0.8
43704.0	60.0	epochs	0.5	0.32	180.0	0.8
43794.0	60.0	epochs	2.0	0.04	90.0	0.8
43885.0	59.0	epochs	8.0	0.02	0.0	0.8
43975.0	60.0	epochs	1.0	0.02	270.0	0.8
44065.0	60.0	epochs	2.0	0.16	180.0	0.8
44155.0	60.0	epochs	4.0	0.08	0.0	0.8
44246.0	59.0	epochs	0.5	0.08	90.0	0.8
44336.0	60.0	epochs	1.0	0.04	270.0	0.8
44426.0	60.0	epochs	2.0	0.04	90.0	0.8
44517.0	59.0	epochs	1.0	0.04	90.0	0.8
44607.0	60.0	epochs	2.0	0.32	0.0	0.8
44697.0	60.0	epochs	2.0	0.08	180.0	0.8
44788.0	59.0	epochs	0.5	0.16	270.0	0.8
44878.0	60.0	epochs	4.0	0.16	90.0	0.8
44968.0	60.0	epochs	2.0	0.32	0.0	0.8
45059.0	59.0	epochs	1.0	0.04	180.0	0.8
45149.0	60.0	epochs	0.5	0.32	0.0	0.8
45239.0	60.0	epochs	0.5	0.02	90.0	0.8
45329.0	60.0	epochs	4.0	0.32	270.0	0.8
45420.0	60.0	epochs	0.5	0.32	180.0	0.8
45510.0	60.0	epochs	8.0	0.32	180.0	0.8
45600.0	60.0	epochs	8.0	0.16	0.0	0.8
45691.0	59.0	epochs	1.0	0.04	180.0	0.8
45781.0	60.0	epochs	4.0	0.08	180.0	0.8
45871.0	60.0	epochs	1.0	0.02	0.0	0.8
45962.0	59.0	epochs	0.5	0.08	0.0	0.8
46052.0	60.0	epochs	8.0	0.02	270.0	0.8
46142.0	60.0	epochs	4.0	0.02	180.0	0.8
46233.0	59.0	epochs	4.0	0.02	180.0	0.8
46323.0	60.0	epochs	2.0	0.02	90.0	0.8
46413.0	60.0	epochs	0.5	0.04	180.0	0.8
46504.0	59.0	epochs	4.0	0.16	90.0	0.8
46594.0	60.0	epochs	0.5	0.04	0.0	0.8
46684.0	60.0	epochs	2.0	0.32	90.0	0.8
46774.0	60.0	epochs	1.0	0.08	0.0	0.8
46865.0	59.0	epochs	2.0	0.08	0.0	0.8
46955.0	60.0	epochs	4.0	0.32	270.0	0.8
47045.0	60.0	epochs	1.0	0.16	180.0	0.8
47136.0	59.0	epochs	0.5	0.02	0.0	0.8
47226.0	60.0	epochs	8.0	0.02	0.0	0.8
47316.0	60.0	epochs	8.0	0.16	270.0	0.8
47407.0	59.0	epochs	2.0	0.04	180.0	0.8
47497.0	60.0	epochs	1.0	0.02	270.0	0.8
47587.0	60.0	epochs	0.5	0.04	90.0	0.8
47678.0	59.0	epochs	0.5	0.08	90.0	0.8
47768.0	60.0	epochs	8.0	0.04	0.0	0.8
47858.0	60.0	epochs	1.0	0.32	270.0	0.8
47949.0	59.0	epochs	8.0	0.02	0.0	0.8
48039.0	60.0	epochs	2.0	0.04	180.0	0.8
48129.0	60.0	epochs	0.5	0.16	180.0	0.8
48219.0	60.0	epochs	1.0	0.02	90.0	0.8
48310.0	59.0	epochs	1.0	0.04	270.0	0.8
48400.0	60.0	epochs	1.0	0.04	180.0	0.8
48490.0	60.0	epochs	8.0	0.32	180.0	0.8
48581.0	59.0	epochs	4.0	0.02	180.0	0.8
48671.0	60.0	epochs	1.0	0.32	180.0	0.8
48761.0	60.0	epochs	2.0	0.16	90.0	0.8
48852.0	59.0	epochs	1.0	0.02	180.0	0.8
48942.0	60.0	epochs	1.0	0.16	90.0	0.8
49032.0	60.0	epochs	0.5	0.04	270.0	0.8
49123.0	59.0	epochs	1.0	0.04	180.0	0.8
49213.0	60.0	epochs	0.5	0.04	0.0	0.8
49303.0	60.0	epochs	4.0	0.02	90.0	0.8
49393.0	60.0	epochs	4.0	0.32	180.0	0.8
49484.0	59.0	epochs	1.0	0.32	270.0	0.8
49574.0	60.0	epochs	1.0	0.02	0.0	0.8
49664.0	60.0	epochs	1.0	0.02	90.0	0.8
49755.0	59.0	epochs	2.0	0.16	270.0	0.8
49845.0	60.0	epochs	4.0	0.08	90.0	0.8
49935.0	60.0	epochs	1.0	0.08	90.0	0.8
50026.0	59.0	epochs	4.0	0.08	180.0	0.8
50116.0	60.0	epochs	1.0	0.04	90.0	0.8
50206.0	60.0	epochs	8.0	0.16	270.0	0.8
50297.0	59.0	epochs	1.0	0.32	180.0	0.8
50387.0	60.0	epochs	4.0	0.16	90.0	0.8
50477.0	60.0	epochs	4.0	0.08	270.0	0.8
50568.0	59.0	epochs	8.0	0.16	0.0	0.8
50658.0	60.0	epochs	1.0	0.32	270.0	0.8
50748.0	60.0	epochs	2.0	0.16	0.0	0.8
50838.0	60.0	epochs	1.0	0.08	180.0	0.8
50929.0	59.0	epochs	4.0	0.16	270.0	0.8
51019.0	60.0	epochs	0.5	0.04	90.0	0.8
51109.0	60.0	epochs	0.5	0.02	0.0	0.8
51200.0	59.0	epochs	4.0	0.04	0.0	0.8
51290.0	60.0	epochs	2.0	0.04	270.0	0.8
51380.0	60.0	epochs	0.5	0.16	270.0	0.8
51471.0	59.0	epochs	8.0	0.32	90.0	0.8
51561.0	60.0	epochs	0.5	0.16	0.0	0.8
51651.0	60.0	epochs	8.0	0.32	180.0	0.8
51742.0	59.0	epochs	0.5	0.08	180.0	0.8
51832.0	60.0	epochs	8.0	0.16	270.0	0.8
51922.0	60.0	epochs	2.0	0.08	270.0	0.8
52012.0	60.0	epochs	1.0	0.16	90.0	0.8
52103.0	60.0	epochs	4.0	0.16	180.0	0.8
52193.0	60.0	epochs	0.5	0.02	0.0	0.8
52283.0	60.0	epochs	8.0	0.08	270.0	0.8
52374.0	59.0	epochs	2.0	0.32	90.0	0.8
52464.0	60.0	epochs	0.5	0.16	180.0	0.8
52554.0	60.0	epochs	4.0	0.02	270.0	0.8
52645.0	59.0	epochs	4.0	0.32	270.0	0.8
52735.0	60.0	epochs	4.0	0.02	270.0	0.8
52825.0	60.0	epochs	8.0	0.02	180.0	0.8
52916.0	59.0	epochs	1.0	0.16	0.0	0.8
53006.0	60.0	epochs	2.0	0.02	0.0	0.8
53096.0	60.0	epochs	8.0	0.32	180.0	0.8
53187.0	59.0	epochs	4.0	0.32	0.0	0.8
53277.0	60.0	epochs	8.0	0.04	270.0	0.8
53367.0	60.0	epochs	1.0	0.04	0.0	0.8
53457.0	60.0	epochs	0.5	0.32	180.0	0.8
53548.0	59.0	epochs	4.0	0.08	180.0	0.8
53638.0	60.0	epochs	1.0	0.32	270.0	0.8
53728.0	60.0	epochs	8.0	0.08	180.0	0.8
53819.0	59.0	epochs	0.5	0.04	180.0	0.8
53909.0	60.0	epochs	1.0	0.04	0.0	0.8
53999.0	60.0	epochs	1.0	0.04	180.0	0.8
54090.0	59.0	epochs	1.0	0.02	0.0	0.8
54180.0	60.0	epochs	8.0	0.02	0.0	0.8
54270.0	60.0	epochs				
54361.0	59.0	epochs	2.0	0.08	0.0	0.8
54451.0	60.0	epochs	1.0	0.32	0.0	0.8
54541.0	60.0	epochs	2.0	0.16	270.0	0.8
54632.0	59.0	epochs	4.0	0.04	90.0	0.8
54722.0	60.0	epochs				
54812.0	60.0	epochs	8.0	0.04	90.0	0.8
54902.0	60.0	epochs	1.0	0.16	270.0	0.8
54993.0	59.0	epochs	4.0	0.04	0.0	0.8
55083.0	60.0	epochs	0.5	0.32	180.0	0.8
55173.0	60.0	epochs	1.0	0.04	270.0	0.8
55264.0	59.0	epochs	2.0	0.02	180.0	0.8
55354.0	60.0	epochs	2.0	0.02	270.0	0.8
55444.0	60.0	epochs	0.5	0.16	270.0	0.8
55535.0	59.0	epochs	4.0	0.32	90.0	0.8
55625.0	60.0	epochs	2.0	0.08	0.0	0.8
55715.0	60.0	epochs	4.0	0.16	270.0	0.8
55806.0	59.0	epochs	4.0	0.04	180.0	0.8
55896.0	60.0	epochs	1.0	0.32	270.0	0.8
55986.0	60.0	epochs	0.5	0.16	90.0	0.8
56076.0	60.0	epochs	4.0	0.08	90.0	0.8
56167.0	59.0	epochs	0.5	0.02	270.0	0.8
56257.0	60.0	epochs	2.0	0.16	90.0	0.8
56347.0	60.0	epochs	8.0	0.32	90.0	0.8
56438.0	59.0	epochs	0.5	0.04	180.0	0.8
56528.0	60.0	epochs	1.0	0.04	90.0	0.8
56618.0	60.0	epochs	2.0	0.02	90.0	0.8
56709.0	59.0	epochs	4.0	0.02	0.0	0.8
56799.0	60.0	epochs	2.0	0.08	180.0	0.8
56889.0	60.0	epochs	0.5	0.08	90.0	0.8
56980.0	59.0	epochs	8.0	0.16	180.0	0.8
57070.0	60.0	epochs	8.0	0.08	90.0	0.8
57160.0	60.0	epochs	1.0	0.16	180.0	0.8
57251.0	59.0	epochs	8.0	0.08	180.0	0.8
57341.0	60.0	epochs				
57431.0	60.0	epochs	1.0	0.02	270.0	0.8
57521.0	60.0	epochs	1.0	0.02	180.0	0.8
57612.0	59.0	epochs	2.0	0.02	0.0	0.8
57702.0	60.0	epochs	2.0	0.08	0.0	0.8
57792.0	60.0	epochs	2.0	0.08	180.0	0.8
57883.0	59.0	epochs	4.0	0.32	0.0	0.8
57973.0	60.0	epochs	1.0	0.02	90.0	0.8
58063.0	60.0	epochs	1.0	0.08	0.0	0.8
58154.0	59.0	epochs	0.5	0.16	180.0	0.8
58244.0	60.0	epochs	0.5	0.04	0.0	0.8
58334.0	60.0	epochs	8.0	0.02	0.0	0.8
58425.0	59.0	epochs	0.5	0.16	0.0	0.8
58515.0	60.0	epochs	2.0	0.08	270.0	0.8
58605.0	60.0	epochs	2.0	0.32	180.0	0.8
58695.0	60.0	epochs	1.0	0.04	270.0	0.8
58786.0	59.0	epochs	0.5	0.08	270.0	0.8
58876.0	60.0	epochs	2.0	0.08	90.0	0.8
58966.0	60.0	epochs	4.0	0.32	0.0	0.8
59057.0	59.0	epochs	8.0	0.04	90.0	0.8
59147.0	60.0	epochs	2.0	0.16	180.0	0.8
59237.0	60.0	epochs	4.0	0.08	90.0	0.8
59328.0	59.0	epochs	8.0	0.04	0.0	0.8
59418.0	60.0	epochs	2.0	0.32	180.0	0.8
59508.0	60.0	epochs	2.0	0.04	270.0	0.8
59599.0	59.0	epochs	8.0	0.16	180.0	0.8
59689.0	60.0	epochs	0.5	0.32	270.0	0.8
59779.0	60.0	epochs	1.0	0.02	270.0	0.8
59870.0	59.0	epochs	1.0	0.08	0.0	0.8
59960.0	60.0	epochs	2.0	0.02	90.0	0.8
60050.0	60.0	epochs	1.0	0.02	270.0	0.8
60140.0	60.0	epochs	2.0	0.02	180.0	0.8
60231.0	59.0	epochs	2.0	0.02	270.0	0.8
60321.0	60.0	epochs	2.0	0.08	180.0	0.8
60411.0	60.0	epochs	1.0	0.04	180.0	0.8
60502.0	59.0	epochs	8.0	0.16	180.0	0.8
60592.0	60.0	epochs	4.0	0.08	270.0	0.8
60682.0	60.0	epochs	0.5	0.16	180.0	0.8
60773.0	59.0	epochs	1.0	0.08	180.0	0.8
60863.0	60.0	epochs	1.0	0.16	270.0	0.8
60953.0	60.0	epochs	8.0	0.32	90.0	0.8
61044.0	59.0	epochs	0.5	0.04	180.0	0.8
61134.0	60.0	epochs	0.5	0.08	90.0	0.8
61224.0	60.0	epochs	8.0	0.16	90.0	0.8
61314.0	60.0	epochs	0.5	0.02	90.0	0.8
61405.0	59.0	epochs	1.0	0.02	90.0	0.8
61495.0	60.0	epochs	2.0	0.08	180.0	0.8
61585.0	60.0	epochs	2.0	0.02	180.0	0.8
61676.0	59.0	epochs	2.0	0.16	180.0	0.8
61766.0	60.0	epochs	1.0	0.32	0.0	0.8
61856.0	60.0	epochs	8.0	0.08	270.0	0.8
61947.0	59.0	epochs	2.0	0.02	0.0	0.8
62037.0	60.0	epochs	4.0	0.16	270.0	0.8
62127.0	60.0	epochs	8.0	0.32	0.0	0.8
62218.0	59.0	epochs	4.0	0.08	0.0	0.8
62308.0	60.0	epochs	4.0	0.32	0.0	0.8
62398.0	60.0	epochs	8.0	0.32	90.0	0.8
62489.0	59.0	epochs	8.0	0.08	0.0	0.8
62579.0	60.0	epochs	1.0	0.32	180.0	0.8
62669.0	60.0	epochs	2.0	0.16	90.0	0.8
62759.0	60.0	epochs	4.0	0.02	0.0	0.8
62850.0	59.0	epochs	1.0	0.08	0.0	0.8
62940.0	60.0	epochs	0.5	0.16	270.0	0.8
63030.0	60.0	epochs	0.5	0.02	90.0	0.8
63121.0	59.0	epochs	8.0	0.08	180.0	0.8
63211.0	60.0	epochs	2.0	0.04	180.0	0.8
63301.0	60.0	epochs	2.0	0.08	90.0	0.8
63392.0	59.0	epochs	8.0	0.02	180.0	0.8
63482.0	60.0	epochs	0.5	0.32	180.0	0.8
63572.0	60.0	epochs	0.5	0.16	90.0	0.8
63663.0	59.0	epochs	4.0	0.32	90.0	0.8
63753.0	60.0	epochs	2.0	0.32	270.0	0.8
63843.0	60.0	epochs	4.0	0.16	90.0	0.8
63933.0	60.0	epochs	4.0	0.16	90.0	0.8
64024.0	59.0	epochs	2.0	0.04	180.0	0.8
64114.0	60.0	epochs				
64204.0	60.0	epochs	0.5	0.04	180.0	0.8
64295.0	59.0	epochs	0.5	0.08	0.0	0.8
64385.0	60.0	epochs	1.0	0.02	90.0	0.8
64475.0	60.0	epochs	8.0	0.08	90.0	0.8
64566.0	59.0	epochs	1.0	0.32	180.0	0.8
64656.0	60.0	epochs	0.5	0.08	270.0	0.8
64746.0	60.0	epochs	1.0	0.08	0.0	0.8
64837.0	59.0	epochs	1.0	0.16	0.0	0.8
64927.0	60.0	epochs	2.0	0.16	270.0	0.8
65017.0	60.0	epochs	4.0	0.04	270.0	0.8
65108.0	59.0	epochs	0.5	0.04	270.0	0.8
65198.0	60.0	epochs	0.5	0.32	270.0	0.8
65288.0	60.0	epochs	8.0	0.04	180.0	0.8
65378.0	60.0	epochs	4.0	0.08	90.0	0.8
65469.0	59.0	epochs	0.5	0.16	90.0	0.8
65559.0	60.0	epochs	8.0	0.08	0.0	0.8
65649.0	61.0	epochs	0.5	0.08	0.0	0.8
65740.0	60.0	epochs	8.0	0.02	90.0	0.8
65830.0	60.0	epochs	0.5	0.16	270.0	0.8
65921.0	60.0	epochs	8.0	0.32	0.0	0.8
66011.0	60.0	epochs	8.0	0.04	270.0	0.8
66101.0	60.0	epochs	0.5	0.16	180.0	0.8
66192.0	59.0	epochs	1.0	0.04	90.0	0.8
66282.0	60.0	epochs	8.0	0.16	270.0	0.8
66372.0	60.0	epochs	0.5	0.16	0.0	0.8
66463.0	59.0	epochs	2.0	0.02	0.0	0.8
66553.0	60.0	epochs	8.0	0.04	270.0	0.8
66643.0	60.0	epochs	2.0	0.16	180.0	0.8
66734.0	60.0	epochs	4.0	0.08	270.0	0.8
66824.0	60.0	epochs	4.0	0.02	180.0	0.8
66915.0	59.0	epochs	1.0	0.16	180.0	0.8
67006.0	60.0	epochs	4.0	0.16	180.0	0.8
67097.0	60.0	epochs	4.0	0.16	270.0	0.8
67188.0	59.0	epochs	4.0	0.08	0.0	0.8
67278.0	60.0	epochs	0.5	0.04	180.0	0.8
67368.0	60.0	epochs	1.0	0.16	180.0	0.8
67459.0	59.0	epochs	0.5	0.08	180.0	0.8
67549.0	60.0	epochs	8.0	0.16	0.0	0.8
67639.0	60.0	epochs	0.5	0.08	90.0	0.8
67730.0	59.0	epochs	8.0	0.32	0.0	0.8
67820.0	60.0	epochs	4.0	0.08	180.0	0.8
67910.0	60.0	epochs	8.0	0.02	270.0	0.8
68000.0	60.0	epochs	4.0	0.08	180.0	0.8
68091.0	59.0	epochs	2.0	0.04	270.0	0.8
68181.0	60.0	epochs	1.0	0.02	180.0	0.8
68271.0	60.0	epochs	4.0	0.16	270.0	0.8
68362.0	59.0	epochs	2.0	0.32	0.0	0.8
68452.0	60.0	epochs	2.0	0.16	90.0	0.8
68542.0	60.0	epochs	4.0	0.08	0.0	0.8
68633.0	59.0	epochs	8.0	0.32	90.0	0.8
68723.0	60.0	epochs	1.0	0.08	270.0	0.8
68813.0	60.0	epochs	8.0	0.04	180.0	0.8
68904.0	59.0	epochs	0.5	0.02	270.0	0.8
68994.0	60.0	epochs	1.0	0.08	270.0	0.8
69084.0	60.0	epochs	8.0	0.04	0.0	0.8
69174.0	61.0	epochs	0.5	0.04	90.0	0.8
69266.0	60.0	epochs	2.0	0.16	270.0	0.8
69356.0	60.0	epochs	0.5	0.32	90.0	0.8
69447.0	60.0	epochs	4.0	0.02	270.0	0.8
69538.0	59.0	epochs	1.0	0.16	90.0	0.8
69629.0	59.0	epochs	0.5	0.04	180.0	0.8
69719.0	60.0	epochs	4.0	0.04	90.0	0.8
69809.0	60.0	epochs	0.5	0.04	0.0	0.8
69899.0	60.0	epochs	2.0	0.08	270.0	0.8
69990.0	59.0	epochs	4.0	0.02	180.0	0.8
70080.0	60.0	epochs	0.5	0.16	180.0	0.8
70170.0	60.0	epochs	0.5	0.16	180.0	0.8
70261.0	59.0	epochs	8.0	0.32	180.0	0.8
70351.0	60.0	epochs	8.0	0.04	270.0	0.8
70441.0	60.0	epochs	8.0	0.16	270.0	0.8
70532.0	59.0	epochs	4.0	0.32	180.0	0.8
70622.0	60.0	epochs	2.0	0.16	0.0	0.8
70712.0	60.0	epochs	1.0	0.16	90.0	0.8
70803.0	59.0	epochs	2.0	0.32	0.0	0.8
70893.0	60.0	epochs	8.0	0.32	270.0	0.8
70983.0	60.0	epochs	2.0	0.02	0.0	0.8
71074.0	59.0	epochs	4.0	0.02	90.0	0.8
71164.0	60.0	epochs	2.0	0.08	0.0	0.8
71254.0	60.0	epochs	4.0	0.02	270.0	0.8
71344.0	60.0	epochs	8.0	0.02	90.0	0.8
71435.0	59.0	epochs	8.0	0.08	0.0	0.8
71525.0	60.0	epochs	2.0	0.04	90.0	0.8
71615.0	60.0	epochs	1.0	0.08	270.0	0.8
71706.0	59.0	epochs	4.0	0.04	0.0	0.8
71796.0	60.0	epochs	4.0	0.04	270.0	0.8
71886.0	60.0	epochs	8.0	0.08	90.0	0.8
71977.0	59.0	epochs	0.5	0.02	0.0	0.8
72067.0	60.0	epochs	8.0	0.08	90.0	0.8
72157.0	60.0	epochs	8.0	0.08	0.0	0.8
72248.0	59.0	epochs	8.0	0.04	180.0	0.8
72338.0	60.0	epochs	1.0	0.02	0.0	0.8
72428.0	60.0	epochs	0.5	0.32	180.0	0.8
72518.0	60.0	epochs	0.5	0.08	90.0	0.8
72609.0	59.0	epochs	8.0	0.08	0.0	0.8
72699.0	60.0	epochs	0.5	0.16	180.0	0.8
72789.0	60.0	epochs	2.0	0.32	270.0	0.8
72880.0	59.0	epochs	2.0	0.32	180.0	0.8
72970.0	60.0	epochs	8.0	0.32	0.0	0.8
73060.0	60.0	epochs	4.0	0.02	0.0	0.8
73151.0	59.0	epochs	0.5	0.02	270.0	0.8
73241.0	60.0	epochs	1.0	0.04	0.0	0.8
73331.0	60.0	epochs	1.0	0.02	270.0	0.8
73422.0	59.0	epochs	0.5	0.02	180.0	0.8
73512.0	60.0	epochs	2.0	0.04	270.0	0.8
73602.0	60.0	epochs	0.5	0.32	180.0	0.8
73693.0	59.0	epochs	4.0	0.02	270.0	0.8
73783.0	60.0	epochs	0.5	0.08	270.0	0.8
73873.0	60.0	epochs	1.0	0.08	180.0	0.8
73963.0	60.0	epochs	2.0	0.32	0.0	0.8
74054.0	59.0	epochs	4.0	0.04	90.0	0.8
74144.0	60.0	epochs	1.0	0.04	270.0	0.8
74234.0	60.0	epochs	4.0	0.16	90.0	0.8
74325.0	59.0	epochs	1.0	0.16	0.0	0.8
74415.0	60.0	epochs	4.0	0.16	270.0	0.8
74505.0	60.0	epochs	8.0	0.16	270.0	0.8
74596.0	59.0	epochs	2.0	0.32	0.0	0.8
74686.0	60.0	epochs	0.5	0.02	90.0	0.8
74776.0	60.0	epochs	0.5	0.08	180.0	0.8
74867.0	59.0	epochs	0.5	0.16	90.0	0.8
74957.0	60.0	epochs	1.0	0.04	270.0	0.8
75047.0	60.0	epochs	2.0	0.08	90.0	0.8
75137.0	60.0	epochs	2.0	0.32	90.0	0.8
75228.0	59.0	epochs	1.0	0.16	270.0	0.8
75318.0	60.0	epochs	1.0	0.32	90.0	0.8
75408.0	60.0	epochs	2.0	0.04	90.0	0.8
75499.0	59.0	epochs	2.0	0.02	0.0	0.8
75589.0	60.0	epochs	4.0	0.08	180.0	0.8
75679.0	60.0	epochs	8.0	0.02	180.0	0.8
75770.0	59.0	epochs	2.0	0.16	90.0	0.8
75860.0	60.0	epochs	0.5	0.32	270.0	0.8
75950.0	60.0	epochs	8.0	0.04	90.0	0.8
76041.0	59.0	epochs	2.0	0.02	90.0	0.8
76131.0	60.0	epochs	0.5	0.02	180.0	0.8
76221.0	60.0	epochs	8.0	0.32	180.0	0.8
76311.0	60.0	epochs	0.5	0.16	270.0	0.8
76402.0	60.0	epochs	2.0	0.32	180.0	0.8
76492.0	60.0	epochs	8.0	0.04	0.0	0.8
76582.0	60.0	epochs	8.0	0.04	180.0	0.8
76673.0	59.0	epochs	8.0	0.16	90.0	0.8
76763.0	60.0	epochs	0.5	0.02	0.0	0.8
76853.0	60.0	epochs	1.0	0.08	90.0	0.8
76944.0	59.0	epochs	4.0	0.02	90.0	0.8
77034.0	60.0	epochs	0.5	0.32	90.0	0.8
77124.0	60.0	epochs	1.0	0.32	270.0	0.8
77215.0	59.0	epochs	4.0	0.02	180.0	0.8
77305.0	60.0	epochs	0.5	0.16	270.0	0.8
77395.0	60.0	epochs	8.0	0.32	0.0	0.8
77486.0	59.0	epochs	4.0	0.32	90.0	0.8
77576.0	60.0	epochs	1.0	0.08	270.0	0.8
77666.0	60.0	epochs	4.0	0.16	180.0	0.8
77756.0	60.0	epochs	2.0	0.04	180.0	0.8
77847.0	59.0	epochs	4.0	0.04	180.0	0.8
77937.0	60.0	epochs	8.0	0.32	0.0	0.8
78027.0	60.0	epochs	1.0	0.08	90.0	0.8
78118.0	59.0	epochs	1.0	0.08	90.0	0.8
78208.0	60.0	epochs	0.5	0.08	90.0	0.8
78298.0	60.0	epochs	0.5	0.08	0.0	0.8
78389.0	59.0	epochs	2.0	0.02	270.0	0.8
78479.0	60.0	epochs	1.0	0.32	90.0	0.8
78569.0	60.0	epochs	1.0	0.04	0.0	0.8
78660.0	59.0	epochs	2.0	0.32	0.0	0.8
78750.0	60.0	epochs	0.5	0.02	180.0	0.8
78840.0	60.0	epochs	2.0	0.04	0.0	0.8
78930.0	60.0	epochs	2.0	0.02	270.0	0.8
79021.0	60.0	epochs	0.5	0.02	180.0	0.8
79111.0	60.0	epochs	2.0	0.16	90.0	0.8
79201.0	60.0	epochs	2.0	0.08	0.0	0.8
79292.0	59.0	epochs	4.0	0.04	0.0	0.8
79382.0	60.0	epochs	0.5	0.08	90.0	0.8
79472.0	60.0	epochs	0.5	0.02	0.0	0.8
79563.0	59.0	epochs	0.5	0.08	270.0	0.8
79653.0	60.0	epochs	0.5	0.04	0.0	0.8
79743.0	60.0	epochs	0.5	0.08	0.0	0.8
79834.0	59.0	epochs	0.5	0.04	270.0	0.8
79924.0	60.0	epochs	0.5	0.04	90.0	0.8
80014.0	60.0	epochs	0.5	0.08	0.0	0.8
80105.0	59.0	epochs	0.5	0.02	270.0	0.8
80195.0	60.0	epochs	4.0	0.08	180.0	0.8
80285.0	60.0	epochs	8.0	0.02	270.0	0.8
80375.0	60.0	epochs	1.0	0.32	90.0	0.8
80466.0	59.0	epochs	2.0	0.32	270.0	0.8
80556.0	60.0	epochs	4.0	0.16	90.0	0.8
80646.0	60.0	epochs	4.0	0.08	0.0	0.8
80737.0	59.0	epochs	0.5	0.32	90.0	0.8
80827.0	60.0	epochs	8.0	0.16	90.0	0.8
80917.0	60.0	epochs	8.0	0.02	270.0	0.8
81008.0	59.0	epochs	8.0	0.04	90.0	0.8
81098.0	60.0	epochs	1.0	0.16	90.0	0.8
81188.0	60.0	epochs	2.0	0.04	0.0	0.8
81279.0	59.0	epochs	4.0	0.16	0.0	0.8
81369.0	60.0	epochs	1.0	0.16	180.0	0.8
81459.0	60.0	epochs	1.0	0.32	0.0	0.8
81549.0	60.0	epochs	1.0	0.32	0.0	0.8
81640.0	59.0	epochs	0.5	0.04	270.0	0.8
81730.0	60.0	epochs	4.0	0.16	90.0	0.8
81820.0	60.0	epochs	1.0	0.16	270.0	0.8
81911.0	59.0	epochs	8.0	0.04	90.0	0.8
82001.0	60.0	epochs	1.0	0.32	270.0	0.8
82091.0	60.0	epochs	4.0	0.02	180.0	0.8
82182.0	59.0	epochs	1.0	0.02	90.0	0.8
82272.0	60.0	epochs	2.0	0.04	90.0	0.8
82362.0	60.0	epochs	1.0	0.04	180.0	0.8
82453.0	59.0	epochs	1.0	0.04	180.0	0.8
82543.0	60.0	epochs	1.0	0.16	270.0	0.8
82633.0	60.0	epochs	8.0	0.32	270.0	0.8
82724.0	59.0	epochs	8.0	0.04	180.0	0.8
82814.0	60.0	epochs	1.0	0.08	0.0	0.8
82904.0	60.0	epochs	8.0	0.02	90.0	0.8
82994.0	60.0	epochs	1.0	0.08	270.0	0.8
83085.0	59.0	epochs	2.0	0.08	180.0	0.8
83175.0	60.0	epochs	8.0	0.32	270.0	0.8
83265.0	60.0	epochs	4.0	0.04	0.0	0.8
83356.0	59.0	epochs	4.0	0.04	180.0	0.8
83446.0	60.0	epochs	4.0	0.32	0.0	0.8
83536.0	60.0	epochs	1.0	0.32	180.0	0.8
83627.0	59.0	epochs	1.0	0.02	180.0	0.8
83717.0	60.0	epochs	2.0	0.16	270.0	0.8
83807.0	60.0	epochs	0.5	0.16	90.0	0.8
83898.0	59.0	epochs	1.0	0.16	90.0	0.8
83988.0	60.0	epochs	1.0	0.32	90.0	0.8
84078.0	60.0	epochs	8.0	0.02	270.0	0.8
84168.0	60.0	epochs	2.0	0.04	0.0	0.8
84259.0	59.0	epochs	2.0	0.16	90.0	0.8
84349.0	60.0	epochs	8.0	0.32	270.0	0.8
84439.0	60.0	epochs	4.0	0.08	0.0	0.8
84530.0	59.0	epochs	0.5	0.16	270.0	0.8
84620.0	60.0	epochs	2.0	0.04	180.0	0.8
84710.0	60.0	epochs	8.0	0.16	270.0	0.8
84801.0	59.0	epochs	0.5	0.32	90.0	0.8
84891.0	60.0	epochs	1.0	0.16	90.0	0.8
84981.0	60.0	epochs	0.5	0.04	270.0	0.8
85072.0	59.0	epochs	4.0	0.32	270.0	0.8
85162.0	60.0	epochs	1.0	0.08	90.0	0.8
85252.0	60.0	epochs	1.0	0.08	90.0	0.8
85342.0	60.0	epochs	2.0	0.32	180.0	0.8
85433.0	60.0	epochs	1.0	0.08	180.0	0.8
85523.0	60.0	epochs	2.0	0.04	270.0	0.8
85613.0	60.0	epochs	8.0	0.08	270.0	0.8
85704.0	59.0	epochs	2.0	0.02	90.0	0.8
85794.0	60.0	epochs	2.0	0.04	270.0	0.8
85884.0	60.0	epochs	8.0	0.32	270.0	0.8
85975.0	59.0	epochs	8.0	0.32	90.0	0.8
86065.0	60.0	epochs	1.0	0.04	270.0	0.8
86155.0	60.0	epochs	1.0	0.04	180.0	0.8
86246.0	59.0	epochs	0.5	0.08	180.0	0.8
86336.0	60.0	epochs	4.0	0.02	270.0	0.8
86426.0	60.0	epochs	0.5	0.04	0.0	0.8
86517.0	59.0	epochs	8.0	0.04	0.0	0.8
86607.0	60.0	epochs	2.0	0.32	90.0	0.8
86697.0	60.0	epochs	1.0	0.02	90.0	0.8
86787.0	60.0	epochs	1.0	0.32	90.0	0.8
86878.0	59.0	epochs	4.0	0.16	270.0	0.8
86968.0	60.0	epochs	4.0	0.04	270.0	0.8
87058.0	60.0	epochs	4.0	0.04	180.0	0.8
87149.0	59.0	epochs	2.0	0.32	90.0	0.8
87239.0	60.0	epochs	1.0	0.02	90.0	0.8
87329.0	60.0	epochs	1.0	0.32	180.0	0.8
87420.0	59.0	epochs	8.0	0.32	0.0	0.8
87510.0	60.0	epochs	2.0	0.32	180.0	0.8
87600.0	60.0	epochs	1.0	0.16	180.0	0.8
87691.0	59.0	epochs	1.0	0.16	180.0	0.8
87781.0	60.0	epochs				
87871.0	60.0	epochs	1.0	0.02	270.0	0.8
87961.0	60.0	epochs	2.0	0.02	180.0	0.8
88052.0	59.0	epochs	1.0	0.02	180.0	0.8
88142.0	60.0	epochs	1.0	0.32	270.0	0.8
88232.0	60.0	epochs	0.5	0.04	90.0	0.8
88323.0	59.0	epochs	2.0	0.02	0.0	0.8
88413.0	60.0	epochs	2.0	0.32	180.0	0.8
88503.0	60.0	epochs	1.0	0.02	0.0	0.8
88594.0	59.0	epochs	8.0	0.08	270.0	0.8
88684.0	60.0	epochs	8.0	0.08	0.0	0.8
88774.0	60.0	epochs	1.0	0.16	180.0	0.8
88865.0	59.0	epochs	8.0	0.04	180.0	0.8
88955.0	60.0	epochs	4.0	0.32	180.0	0.8
89045.0	60.0	epochs	2.0	0.08	270.0	0.8
89136.0	59.0	epochs	8.0	0.16	270.0	0.8
89226.0	60.0	epochs	0.5	0.02	270.0	0.8
89316.0	60.0	epochs	4.0	0.04	90.0	0.8
89406.0	60.0	epochs	8.0	0.16	90.0	0.8
89497.0	59.0	epochs	8.0	0.04	90.0	0.8
89587.0	60.0	epochs	2.0	0.02	180.0	0.8
89677.0	60.0	epochs	2.0	0.08	90.0	0.8
89768.0	59.0	epochs	4.0	0.16	0.0	0.8
89858.0	60.0	epochs	1.0	0.04	90.0	0.8
89948.0	60.0	epochs	2.0	0.04	180.0	0.8
90039.0	59.0	epochs	0.5	0.04	0.0	0.8
90129.0	60.0	epochs	0.5	0.16	0.0	0.8
90219.0	60.0	epochs	4.0	0.32	180.0	0.8
90310.0	59.0	epochs	8.0	0.16	0.0	0.8
90400.0	60.0	epochs	8.0	0.02	270.0	0.8
90490.0	60.0	epochs	8.0	0.08	270.0	0.8
90580.0	60.0	epochs	8.0	0.16	0.0	0.8
90671.0	59.0	epochs	2.0	0.32	90.0	0.8
90761.0	60.0	epochs	8.0	0.02	180.0	0.8
90851.0	60.0	epochs	8.0	0.02	270.0	0.8
90942.0	59.0	epochs	0.5	0.04	90.0	0.8
91032.0	60.0	epochs	8.0	0.32	270.0	0.8
91122.0	60.0	epochs	2.0	0.04	0.0	0.8
91213.0	59.0	epochs	1.0	0.08	90.0	0.8
91303.0	60.0	epochs	2.0	0.08	90.0	0.8
91393.0	60.0	epochs	2.0	0.32	180.0	0.8
91484.0	59.0	epochs	2.0	0.32	90.0	0.8
91574.0	60.0	epochs	2.0	0.16	90.0	0.8
91664.0	60.0	epochs	0.5	0.16	90.0	0.8
91754.0	60.0	epochs	2.0	0.04	0.0	0.8
91845.0	60.0	epochs	4.0	0.32	90.0	0.8
91935.0	60.0	epochs	2.0	0.16	90.0	0.8
92025.0	60.0	epochs	8.0	0.04	90.0	0.8
92116.0	59.0	epochs	8.0	0.02	270.0	0.8
92206.0	60.0	epochs	1.0	0.08	270.0	0.8
92296.0	60.0	epochs	1.0	0.04	0.0	0.8
92387.0	59.0	epochs	2.0	0.16	180.0	0.8
92477.0	60.0	epochs	0.5	0.02	90.0	0.8
92567.0	60.0	epochs	4.0	0.16	0.0	0.8
92658.0	59.0	epochs	1.0	0.16	270.0	0.8
92748.0	60.0	epochs	0.5	0.16	90.0	0.8
92838.0	60.0	epochs	4.0	0.08	180.0	0.8
92929.0	59.0	epochs	8.0	0.02	0.0	0.8
93019.0	60.0	epochs	1.0	0.04	180.0	0.8
93109.0	60.0	epochs	4.0	0.32	270.0	0.8
93199.0	60.0	epochs	2.0	0.02	180.0	0.8
93290.0	59.0	epochs	1.0	0.04	90.0	0.8
93380.0	60.0	epochs	1.0	0.04	90.0	0.8
93470.0	60.0	epochs	2.0	0.08	270.0	0.8
93561.0	59.0	epochs	0.5	0.04	180.0	0.8
93651.0	60.0	epochs	4.0	0.08	0.0	0.8
93741.0	60.0	epochs	8.0	0.16	90.0	0.8
93832.0	59.0	epochs	1.0	0.32	180.0	0.8
93922.0	60.0	epochs	0.5	0.32	0.0	0.8
94012.0	60.0	epochs	0.5	0.02	90.0	0.8
94103.0	59.0	epochs	0.5	0.02	0.0	0.8
94193.0	60.0	epochs	8.0	0.04	0.0	0.8
94283.0	60.0	epochs	8.0	0.08	180.0	0.8
94373.0	60.0	epochs	1.0	0.32	0.0	0.8
94464.0	59.0	epochs	2.0	0.32	180.0	0.8
94554.0	60.0	epochs	2.0	0.16	90.0	0.8
94644.0	60.0	epochs	2.0	0.16	180.0	0.8
94735.0	59.0	epochs	4.0	0.04	180.0	0.8
94825.0	60.0	epochs	4.0	0.32	90.0	0.8
94915.0	60.0	epochs	0.5	0.16	0.0	0.8
95006.0	59.0	epochs	4.0	0.32	180.0	0.8
95096.0	60.0	epochs	0.5	0.04	180.0	0.8
95186.0	60.0	epochs	4.0	0.04	270.0	0.8
95277.0	59.0	epochs	4.0	0.16	0.0	0.8
95367.0	60.0	epochs	0.5	0.16	270.0	0.8
95457.0	60.0	epochs	4.0	0.04	90.0	0.8
95547.0	60.0	epochs	2.0	0.02	0.0	0.8
95638.0	60.0	epochs	2.0	0.16	90.0	0.8
95728.0	60.0	epochs	1.0	0.16	0.0	0.8
95818.0	60.0	epochs	0.5	0.32	0.0	0.8
95909.0	59.0	epochs	1.0	0.08	180.0	0.8
95999.0	60.0	epochs	1.0	0.08	0.0	0.8
96089.0	60.0	epochs	8.0	0.02	180.0	0.8
96180.0	59.0	epochs	4.0	0.16	270.0	0.8
96270.0	60.0	epochs	8.0	0.02	180.0	0.8
96360.0	60.0	epochs	2.0	0.02	0.0	0.8
96451.0	59.0	epochs	1.0	0.02	0.0	0.8
96541.0	60.0	epochs	8.0	0.16	90.0	0.8
96631.0	60.0	epochs	0.5	0.32	0.0	0.8
96722.0	59.0	epochs	0.5	0.08	0.0	0.8
96812.0	60.0	epochs	4.0	0.04	0.0	0.8
96902.0	60.0	epochs	2.0	0.16	0.0	0.8
96992.0	60.0	epochs	2.0	0.16	270.0	0.8
97083.0	59.0	epochs	2.0	0.32	270.0	0.8
97173.0	60.0	epochs	2.0	0.02	90.0	0.8
97263.0	60.0	epochs	2.0	0.32	270.0	0.8
97354.0	59.0	epochs	8.0	0.02	270.0	0.8
97444.0	60.0	epochs	4.0	0.08	270.0	0.8
97534.0	60.0	epochs	0.5	0.32	0.0	0.8
97625.0	59.0	epochs	8.0	0.04	180.0	0.8
97715.0	60.0	epochs	2.0	0.08	90.0	0.8
97805.0	60.0	epochs	0.5	0.32	270.0	0.8
97896.0	59.0	epochs	2.0	0.04	270.0	0.8
97986.0	60.0	epochs	4.0	0.16	0.0	0.8
98076.0	60.0	epochs	4.0	0.32	180.0	0.8
98166.0	60.0	epochs	1.0	0.04	270.0	0.8
98257.0	59.0	epochs	4.0	0.16	90.0	0.8
98347.0	60.0	epochs	2.0	0.02	90.0	0.8
98437.0	60.0	epochs	8.0	0.08	0.0	0.8
98528.0	59.0	epochs	2.0	0.04	0.0	0.8
98618.0	60.0	epochs	8.0	0.08	0.0	0.8
98708.0	60.0	epochs	8.0	0.02	270.0	0.8
98799.0	59.0	epochs	2.0	0.32	0.0	0.8
98889.0	60.0	epochs	4.0	0.04	270.0	0.8
98979.0	60.0	epochs	0.5	0.02	180.0	0.8
99070.0	59.0	epochs	8.0	0.02	270.0	0.8
99160.0	60.0	epochs	1.0	0.16	180.0	0.8
99250.0	60.0	epochs	0.5	0.02	270.0	0.8
99340.0	60.0	epochs	8.0	0.32	270.0	0.8
99431.0	60.0	epochs	0.5	0.04	180.0	0.8
99521.0	60.0	epochs	4.0	0.08	90.0	0.8
99611.0	60.0	epochs	2.0	0.32	0.0	0.8
99702.0	59.0	epochs	2.0	0.32	0.0	0.8
99792.0	60.0	epochs	0.5	0.16	270.0	0.8
99882.0	60.0	epochs	4.0	0.32	90.0	0.8
99973.0	59.0	epochs	1.0	0.32	90.0	0.8
100063.0	60.0	epochs	1.0	0.16	90.0	0.8
100153.0	60.0	epochs	0.5	0.02	180.0	0.8
100244.0	59.0	epochs	4.0	0.16	0.0	0.8
100334.0	60.0	epochs	2.0	0.02	180.0	0.8
100424.0	60.0	epochs	0.5	0.32	90.0	0.8
100515.0	59.0	epochs	4.0	0.02	90.0	0.8
100605.0	60.0	epochs	2.0	0.08	0.0	0.8
100695.0	60.0	epochs	0.5	0.32	0.0	0.8
100785.0	60.0	epochs	4.0	0.04	0.0	0.8
100876.0	59.0	epochs	2.0	0.02	90.0	0.8
100966.0	60.0	epochs	4.0	0.08	90.0	0.8
101056.0	60.0	epochs	2.0	0.32	270.0	0.8
101147.0	59.0	epochs	1.0	0.08	180.0	0.8
101237.0	60.0	epochs	8.0	0.04	90.0	0.8
101327.0	60.0	epochs	1.0	0.08	270.0	0.8
101418.0	59.0	epochs	4.0	0.02	0.0	0.8
101508.0	60.0	epochs	0.5	0.08	180.0	0.8
101598.0	60.0	epochs	8.0	0.04	180.0	0.8
101689.0	59.0	epochs	4.0	0.04	0.0	0.8
101779.0	60.0	epochs	0.5	0.32	90.0	0.8
101869.0	60.0	epochs	0.5	0.02	180.0	0.8
101959.0	60.0	epochs	4.0	0.04	270.0	0.8
102050.0	59.0	epochs	4.0	0.04	0.0	0.8
102140.0	60.0	epochs	4.0	0.16	180.0	0.8
102230.0	60.0	epochs	4.0	0.08	270.0	0.8
102321.0	59.0	epochs	1.0	0.02	270.0	0.8
102411.0	60.0	epochs	1.0	0.32	90.0	0.8
102501.0	60.0	epochs	2.0	0.16	180.0	0.8
102592.0	59.0	epochs	4.0	0.04	90.0	0.8
102682.0	60.0	epochs	0.5	0.04	90.0	0.8
102772.0	60.0	epochs	8.0	0.08	270.0	0.8
102863.0	59.0	epochs	0.5	0.04	0.0	0.8
102953.0	60.0	epochs	0.5	0.08	270.0	0.8
103043.0	60.0	epochs	1.0	0.16	0.0	0.8
103133.0	60.0	epochs	4.0	0.32	270.0	0.8
103224.0	60.0	epochs	1.0	0.02	90.0	0.8
103314.0	60.0	epochs	8.0	0.16	270.0	0.8
103404.0	60.0	epochs	1.0	0.08	0.0	0.8
103495.0	59.0	epochs	0.5	0.32	0.0	0.8
103585.0	60.0	epochs	4.0	0.04	270.0	0.8
103675.0	60.0	epochs	2.0	0.32	270.0	0.8
103766.0	59.0	epochs	1.0	0.04	90.0	0.8
103856.0	60.0	epochs	8.0	0.02	90.0	0.8
103946.0	60.0	epochs	1.0	0.32	0.0	0.8
104037.0	59.0	epochs	1.0	0.04	270.0	0.8
104127.0	60.0	epochs	0.5	0.08	90.0	0.8
104217.0	60.0	epochs	4.0	0.04	90.0	0.8
104308.0	59.0	epochs	1.0	0.04	270.0	0.8
104398.0	60.0	epochs				
104488.0	60.0	epochs	4.0	0.32	90.0	0.8
104578.0	60.0	epochs	1.0	0.08	90.0	0.8
104669.0	59.0	epochs	8.0	0.16	90.0	0.8
104759.0	60.0	epochs	4.0	0.08	180.0	0.8
104849.0	60.0	epochs	2.0	0.32	270.0	0.8
104940.0	59.0	epochs	2.0	0.04	270.0	0.8
105030.0	60.0	epochs	4.0	0.02	180.0	0.8
105120.0	60.0	epochs	4.0	0.04	270.0	0.8
105211.0	59.0	epochs	0.5	0.08	0.0	0.8
105301.0	60.0	epochs	2.0	0.04	90.0	0.8
105391.0	60.0	epochs	0.5	0.04	0.0	0.8
105482.0	59.0	epochs	0.5	0.16	0.0	0.8
105572.0	60.0	epochs	4.0	0.08	0.0	0.8
105662.0	60.0	epochs	1.0	0.08	0.0	0.8
105752.0	60.0	epochs	0.5	0.02	0.0	0.8
105843.0	59.0	epochs	8.0	0.02	0.0	0.8
105933.0	60.0	epochs	0.5	0.04	270.0	0.8
106023.0	60.0	epochs	2.0	0.32	90.0	0.8
106114.0	59.0	epochs	0.5	0.16	90.0	0.8
106204.0	60.0	epochs	4.0	0.32	270.0	0.8
106294.0	60.0	epochs	0.5	0.04	0.0	0.8
106385.0	59.0	epochs	4.0	0.08	90.0	0.8
106475.0	60.0	epochs	1.0	0.04	0.0	0.8
106565.0	60.0	epochs	0.5	0.32	270.0	0.8
106656.0	59.0	epochs	2.0	0.16	0.0	0.8
106746.0	60.0	epochs	0.5	0.08	0.0	0.8
106836.0	60.0	epochs	2.0	0.02	270.0	0.8
106926.0	60.0	epochs	0.5	0.02	90.0	0.8
107017.0	59.0	epochs	1.0	0.08	90.0	0.8
107107.0	60.0	epochs	0.5	0.08	180.0	0.8
107197.0	60.0	epochs	4.0	0.02	0.0	0.8
107288.0	59.0	epochs	2.0	0.08	270.0	0.8
107378.0	60.0	epochs	4.0	0.02	270.0	0.8
107468.0	60.0	epochs	8.0	0.04	90.0	0.8
107559.0	59.0	epochs	1.0	0.16	0.0	0.8
107649.0	60.0	epochs	0.5	0.08	90.0	0.8
107739.0	60.0	epochs	4.0	0.32	0.0	0.8
107830.0	59.0	epochs	1.0	0.32	90.0	0.8
107920.0	60.0	epochs	2.0	0.04	90.0	0.8
108010.0	60.0	epochs	4.0	0.08	90.0	0.8
108101.0	59.0	epochs	1.0	0.02	180.0	0.8
108191.0	60.0	epochs	1.0	0.08	270.0	0.8
108281.0	60.0	epochs	2.0	0.04	0.0	0.8
108371.0	60.0	epochs	0.5	0.04	0.0	0.8
108462.0	59.0	epochs	2.0	0.16	180.0	0.8
108552.0	60.0	epochs	4.0	0.08	90.0	0.8
108642.0	60.0	epochs	4.0	0.08	0.0	0.8
108733.0	59.0	epochs	8.0	0.02	0.0	0.8
108823.0	60.0	epochs	1.0	0.16	0.0	0.8
108913.0	60.0	epochs	4.0	0.16	90.0	0.8
109004.0	59.0	epochs	4.0	0.16	180.0	0.8
109094.0	60.0	epochs	8.0	0.32	270.0	0.8
109184.0	60.0	epochs	2.0	0.08	270.0	0.8
109275.0	59.0	epochs	2.0	0.04	90.0	0.8
109365.0	60.0	epochs	8.0	0.02	180.0	0.8
109455.0	60.0	epochs	8.0	0.08	180.0	0.8
109545.0	60.0	epochs	8.0	0.02	90.0	0.8
109636.0	59.0	epochs	2.0	0.16	0.0	0.8
109726.0	60.0	epochs	4.0	0.04	90.0	0.8
109816.0	60.0	epochs	1.0	0.08	90.0	0.8
